# MeteoPlaneRadar - OTA partition table (ESP32-S3, 16 MB flash).
# Two app slots (ota_0 / ota_1) so firmware can be updated over the air.
# Place this file in the sketch folder; the Arduino-ESP32 core uses a
# sketch-local partitions.csv (select a "Custom"/OTA scheme in Tools).
# Name,     Type, SubType,  Offset,    Size
nvs,        data, nvs,      0x9000,    0x5000,
otadata,    data, ota,      0xE000,    0x2000,
app0,       app,  ota_0,    0x10000,   0x600000,
app1,       app,  ota_1,    0x610000,  0x600000,
spiffs,     data, spiffs,   0xC10000,  0x3E0000,
coredump,   data, coredump, 0xFF0000,  0x10000,
